{
  "fitness": 0.44875,
  "generation": 4,
  "weights": [
    1.036817608603879,
    -0.37550106172944075,
    0.10141446463938256,
    0.11442014676567851,
    0.01918656830719679,
    0.25842438976768384,
    0.2942772559730894,
    1.2057660545781403,
    0.47639972031404576,
    0.33689150790574623,
    -0.26680268924158124,
    -0.1940854409660434,
    -0.3894727204028462,
    -0.324710255797877,
    -0.009689819137516445,
    0.07750618688278417,
    0.23198335079774973,
    -0.13187150752519292,
    0.16552467789962183
  ],
  "ga_config": {
    "ai": "evo2",
    "label": "Evo2AI",
    "num_weights": 19,
    "population": 24,
    "generations": 5,
    "games_per_chart": 40,
    "num_players": 4,
    "charts": "ABCDE",
    "seed": 0,
    "tournament_size": 3,
    "elites": 2,
    "mutation_rate": 0.2,
    "mutation_sigma": 0.1,
    "mutation_clip": 5.0,
    "init_range": [
      -1.0,
      1.0
    ],
    "opponent_mode": "vs_all",
    "fitness_mode": "vs_all_rotating_seeds",
    "workers": 10
  }
}
