{
  "fitness": 0.433,
  "generation": 4,
  "weights": [
    0.38311551157651047,
    -0.5077633300866904,
    0.45110871092262483,
    1.0609605641345732,
    -0.17195585389659135,
    0.08583567960390026,
    -0.3818931055597253,
    -0.17883398734726275,
    0.3598419866443148,
    -0.9655147549788285,
    0.7623904630616867,
    0.07416727354924917,
    -0.3488723472870947,
    1.1550502945224608,
    0.12006556270822474,
    0.15218734031611766,
    -0.4400345133462549,
    0.9808847807873333
  ],
  "ga_config": {
    "ai": "evo1",
    "label": "HyperAdaptiveSplitAI",
    "num_weights": 18,
    "population": 24,
    "generations": 5,
    "games_per_chart": 40,
    "num_players": 4,
    "charts": "ABCDE",
    "seed": 0,
    "tournament_size": 3,
    "elites": 2,
    "mutation_rate": 0.2,
    "mutation_sigma": 0.15,
    "mutation_clip": 2.0,
    "init_range": [
      -1.0,
      1.0
    ],
    "opponent_mode": "vs_all",
    "fitness_mode": "vs_all_rotating_seeds"
  }
}
