{
  "fitness": 0.64875,
  "generation": 29,
  "weights": [
    1.0646957491259093,
    -0.34768617085501863,
    0.09793756021856043,
    0.17352231262813328,
    0.015285332848240026,
    0.3130530819671071,
    -0.10918517834667589,
    -0.01636599132963271,
    -0.092907486016944,
    0.019818719037411,
    -0.008956632063430447,
    1.7930054471645172,
    0.21372557051449423,
    -0.10884625842727126,
    -0.24591038933266024,
    0.30034081796372886,
    0.24876825754388715,
    0.15784042129866835,
    0.09796090998245213,
    -0.43330998008684146,
    -0.29843780754711724,
    0.047142919442614145,
    0.06766947693816164,
    0.06358615973114318,
    0.3488957621390504,
    -0.050259241102176784,
    0.025401486101241155,
    0.024440843342721827,
    1.015488115087084,
    0.02700017914205549,
    0.22416690332731204,
    0.42095218367867654,
    0.9379301541442284,
    0.009986094831479154,
    0.1537344606255347
  ],
  "ga_config": {
    "population": 24,
    "generations": 30,
    "games_per_chart": 40,
    "num_players": 4,
    "charts": "ABCDE",
    "seed": 0,
    "tournament_size": 3,
    "elites": 2,
    "mutation_rate": 0.2,
    "mutation_sigma": 0.05,
    "mutation_clip": 5.0,
    "init_range": [
      -1.0,
      1.0
    ],
    "opponent_mode": "vs_all",
    "fitness_mode": "vs_all_rotating_seeds"
  }
}
