{
  "fitness": 0.6933333333333334,
  "generation": 19,
  "weights": [
    0.7749790972897863,
    -0.15934034532533736,
    0.11905049399623392,
    0.042788378492302666,
    -0.00021096542249747843,
    0.3328941491977293,
    -0.026484977792769468,
    1.849628871596788,
    0.42027942546860586,
    0.012849144764636264,
    -0.28421403664160627,
    0.1564618394555376,
    -0.050162662571928376,
    -0.4884779372035674,
    -0.28604313169698786,
    0.10724682426242985,
    0.20774874672912716,
    -0.053817078995565426,
    0.19446733328963806
  ],
  "ga_config": {
    "population": 20,
    "generations": 25,
    "games_per_chart": 15,
    "num_players": 4,
    "charts": "ABCDE",
    "seed": 0,
    "tournament_size": 3,
    "elites": 2,
    "mutation_rate": 0.2,
    "mutation_sigma": 0.05,
    "mutation_clip": 5.0,
    "init_range": [
      -1.0,
      1.0
    ],
    "opponent_mode": "old_evo",
    "fitness_mode": "old_evo_rotating_seeds"
  }
}
