{
  "fitness": 0.8933333333333333,
  "generation": 7,
  "weights": [
    0.26617751983660076,
    -0.5077633300866904,
    0.45110871092262483,
    1.0609605641345732,
    -0.17195585389659135,
    0.08583567960390026,
    -0.3818931055597253,
    -0.17883398734726275,
    0.6969396932035465,
    -1.0827555870977836,
    0.6454628210628315,
    0.07585756746364103,
    -0.5227681427695596,
    0.9166033707841109,
    0.12006556270822474,
    -0.09176026240790718,
    -0.4400345133462549,
    0.9808847807873333
  ],
  "ga_config": {
    "population": 20,
    "generations": 25,
    "games_per_chart": 15,
    "num_players": 4,
    "charts": "ABCDE",
    "seed": 0,
    "tournament_size": 3,
    "elites": 2,
    "mutation_rate": 0.2,
    "mutation_sigma": 0.15,
    "mutation_clip": 2.0,
    "init_range": [
      -1.0,
      1.0
    ]
  }
}
