{
  "fitness": 0.522,
  "generation": 2,
  "weights": [
    0.7951958179418047,
    -0.15934034532533736,
    0.11905049399623392,
    0.042788378492302666,
    -0.00021096542249747843,
    0.32475739083453836,
    -0.026484977792769468,
    1.7815563692438092,
    0.42027942546860586,
    0.012849144764636264,
    -0.28421403664160627,
    0.1564618394555376,
    -0.050162662571928376,
    -0.4480816175878652,
    -0.23036958400383933,
    0.10724682426242985,
    0.20774874672912716,
    -0.053817078995565426,
    0.19446733328963806
  ],
  "ga_config": {
    "ai": "evo2",
    "label": "Evo2AI",
    "num_weights": 19,
    "population": 24,
    "generations": 5,
    "games_per_chart": 40,
    "num_players": 4,
    "charts": "ABCDE",
    "seed": 0,
    "tournament_size": 3,
    "elites": 2,
    "mutation_rate": 0.2,
    "mutation_sigma": 0.05,
    "mutation_clip": 5.0,
    "init_range": [
      -1.0,
      1.0
    ],
    "opponent_mode": "vs_all",
    "fitness_mode": "vs_all_rotating_seeds"
  }
}
