{
  "fitness": 0.47625,
  "generation": 4,
  "weights": [
    1.1727423291803538,
    -0.2113698545660639,
    0.044937495385987854,
    -0.00011562566453732215,
    0.10568855467602825,
    0.3477790203182629,
    -0.18555564238701192,
    0.04283047974127491,
    -0.32727805384652175,
    2.020681627519883,
    0.31298515881751493,
    -0.14925566783994176,
    -0.4942179661881307,
    0.4391070080299973,
    0.12827533991201095,
    -0.16383550185296755,
    -0.10848239851454258,
    -0.49384471051697443,
    -0.4263345821788572,
    0.08206629175912622,
    0.15814944100755515,
    0.09989411484760065,
    0.20469642533055277,
    -0.16375569596025769,
    0.23106689659538154
  ],
  "ga_config": {
    "ai": "evo3",
    "label": "Evo3AI",
    "num_weights": 25,
    "population": 24,
    "generations": 5,
    "games_per_chart": 40,
    "num_players": 4,
    "charts": "ABCDE",
    "seed": 0,
    "tournament_size": 3,
    "elites": 2,
    "mutation_rate": 0.2,
    "mutation_sigma": 0.1,
    "mutation_clip": 5.0,
    "init_range": [
      -1.0,
      1.0
    ],
    "opponent_mode": "vs_all",
    "fitness_mode": "vs_all_rotating_seeds",
    "workers": 10
  }
}
