{
  "fitness": 0.541,
  "generation": 2,
  "weights": [
    0.953883651614003,
    -0.2288656068454161,
    0.0943599341848537,
    0.20308068166521026,
    -0.03446047903063522,
    0.2941340992804895,
    -0.15189752879110127,
    -0.032196041975602,
    -0.0903029404969269,
    2.038231948427892,
    0.2610710877445917,
    -0.015839641880131424,
    -0.36954391490445687,
    0.33313454893861977,
    0.09128017726997067,
    -0.08339287188288885,
    0.03404660729781474,
    -0.4582154344408558,
    -0.2871718435492655,
    0.014483784795356128,
    0.16950796360941217,
    -0.03751451446233146,
    0.3354103957272107,
    -0.08923918650077589,
    0.17814728883741798
  ],
  "ga_config": {
    "ai": "evo3",
    "label": "Evo3AI",
    "num_weights": 25,
    "population": 24,
    "generations": 5,
    "games_per_chart": 40,
    "num_players": 4,
    "charts": "ABCDE",
    "seed": 0,
    "tournament_size": 3,
    "elites": 2,
    "mutation_rate": 0.2,
    "mutation_sigma": 0.05,
    "mutation_clip": 5.0,
    "init_range": [
      -1.0,
      1.0
    ],
    "opponent_mode": "vs_all",
    "fitness_mode": "vs_all_rotating_seeds"
  }
}
