{
  "fitness": 0.4975,
  "generation": 4,
  "weights": [
    1.1559967959780304,
    -0.30021386588665205,
    0.05860260416895935,
    0.09863024626950356,
    0.029316890426537973,
    0.40243794340073796,
    -0.2038700666426192,
    -0.026363968167642846,
    -0.1884361353812642,
    -0.09660834966482426,
    -0.022822464504148716,
    1.7329811546420193,
    0.01701697159382913,
    0.005309226973653811,
    -0.3077099559226168,
    0.327178937217321,
    0.17588270254336702,
    0.28362966861868255,
    0.17743634453154028,
    -0.4874150475212676,
    -0.0686202180526734,
    -0.0025511995842803295,
    -0.017504476550368284,
    0.14617293987263522,
    0.1879926735924224,
    -0.38194090239152395,
    0.021569182104998773,
    0.14555213451211946,
    1.0335449790888906,
    -0.42251809971025167,
    0.05228470673992673,
    0.14419520905344946,
    -0.2826572605927898,
    0.29411943478209557,
    0.32903766628260034
  ],
  "ga_config": {
    "ai": "evo4",
    "label": "Evo4AI",
    "num_weights": 35,
    "population": 24,
    "generations": 5,
    "games_per_chart": 40,
    "num_players": 4,
    "charts": "ABCDE",
    "seed": 0,
    "tournament_size": 3,
    "elites": 2,
    "mutation_rate": 0.2,
    "mutation_sigma": 0.1,
    "mutation_clip": 5.0,
    "init_range": [
      -1.0,
      1.0
    ],
    "opponent_mode": "vs_all",
    "fitness_mode": "vs_all_rotating_seeds",
    "workers": 10
  }
}
