{
  "fitness": 0.7044444444444444,
  "generation": 14,
  "weights": [
    0.9671062444221764,
    -0.22577743567106498,
    0.06179431807120027,
    0.13179333635966,
    0.029817067443990482,
    0.22808568787174874,
    0.00826541378646068,
    0.02088883506021053,
    -0.04065315920784615,
    1.9428585631974362,
    0.38197662141604993,
    -0.06693603814839288,
    -0.42612717455166765,
    0.32059485484031025,
    0.2245769585294565,
    -0.018375851882717283,
    -0.002632855943731513,
    -0.3816101402754214,
    -0.21640338533739048,
    0.17350712216597403,
    0.05427180974084926,
    -0.08435772023559968,
    0.337710214852521,
    0.15583525951623678,
    -0.10407099542522064
  ],
  "ga_config": {
    "population": 16,
    "generations": 20,
    "games_per_chart": 15,
    "num_players": 4,
    "charts": "ABCDE",
    "seed": 0,
    "tournament_size": 3,
    "elites": 2,
    "mutation_rate": 0.2,
    "mutation_sigma": 0.05,
    "mutation_clip": 5.0,
    "init_range": [
      -1.0,
      1.0
    ],
    "opponent_mode": "vs_all",
    "fitness_mode": "vs_all_rotating_seeds"
  }
}
